Business Name,Website,Email,Instagram,Phone
"Dentist in San Antonio, TX | Transforming smiles for 35 years",https://www.advancedsmilecare.com/,N/A,http://www.instagram.com/advancedsmilecaresanantonio,(210) 366-3606
N/A,http://oakdentsmiles.com/,N/A,N/A,N/A
"Links - Dentist in SLO, CA | SLO Smiles Family Dental Office in San Luis Obispo",http://slosmiles.com/links,N/A,N/A,N/A
Dentist in Denver | Denver Cosmetic Dentist | Family Dentist Denver CO,http://safarismilesdenver.com/,frontdesk@safarismilesdenver.com,https://www.instagram.com/safarismilesdenver/,(303) 747-6289
"Dentist Thompson's Station, TN | Wilco Dental",https://wilcodentaltn.com/,37179615-538-8204info@wilcodentaltn.comOur,https://www.instagram.com/wilcodental/,615-538-8204
N/A,https://www.wda.org/member-center/member-communications/wda-journal,N/A,N/A,N/A
N/A,http://www.tennesseedentalcare.com/,N/A,N/A,N/A
"Smiles by Dr. Sofia | Dental Care | Dentist in Yonkers, NY",http://www.smilesbydrsofia.com/,N/A,https://www.instagram.com/smiles_by_dr.sofia/,914-779-1211
Dental Lab for Crowns Bridges Veneers,http://www.gatorceramics.com/,N/A,https://www.instagram.com/gatorceramicsdentallab/,1 318-747-3022
N/A,http://monument.rsvpify.com/,N/A,N/A,N/A
Dentist in Winnipeg | Winnipeg Dental Clinic | Artistic Smiles,http://artisticsmiles.ca/,N/A,N/A,(204) 815-9285
SM4DENTAL,http://sm4dental.com/,info@sm4dental.com,https://www.instagram.com/sm4dentistry/,+1 (619) 906 8842
Periodontology & Implant Dentistry,https://dental.nyu.edu/faculty/periodontology-implant-dentistry.html,N/A,https://www.instagram.com/nyudentistry,(212) 998-9800
N/A,http://www.dentistryatrichmond.ca/,N/A,N/A,N/A
"Emergency Dentist in Jacksonville, Florida- Jax Smiles Dentistry",http://www.jaxsmilesdentistry.com/,info@jaxsmilesdentistry.com,N/A,(904) 701-3883
"Looking for a Dentist in Gastonia, NC? Meet Current Dentistry",http://currentsmiles.com/,email@currentsmiles.com,https://www.instagram.com/currentdentistry/,704-864-0337
"Family Dentist in Romeoville, IL | Pristine Family Dental",http://pristinefamilydental.com/,N/A,https://www.instagram.com/_pristine.dental/,(815) 609-1600
Your Trusted Winnipeg Denturist - Exceptional Services,http://www.winnipegdenture.ca/,info@winnipegdenture.caHoursOpen,https://www.instagram.com/winnipeg_denture/,(204) 306-9055
drshesam | Facebook | Linktree,https://linktr.ee/drshesam,N/A,N/A,N/A
"Best Cosmetic Dentist – Mt. Pleasant, SC – Mt. Pleasant Modern Dentistry",http://smilesbyhogan.com/,office@mtpleasantmoderndentist.com,https://instagram.com/dr.kevinhogan/,(843) 216-0908
BEST Dentist Delray Beach & Lantana Florida - Dentist Near You - Cosmetic Dentist Delray Beach & Lantana - Norton Dental Arts Family & Cosmetic Dentist Near You,http://www.nortondentalarts.com/,N/A,https://www.instagram.com/nortondentalarts/,(561) 278-0362
Timmons Dental,http://drtimmonsdental.com/,N/A,https://www.instagram.com/timmonsdental/,864-707-1288
N/A,http://cheekdental.com/,N/A,N/A,N/A
Renewinstitute,http://renewinstitute.com/,N/A,N/A,N/A
Dental Salon | Chicago & Schaumburg,http://www.dentalsalon.com/,N/A,https://www.instagram.com/dental_salon,312.642.3370
"Experience the Darryl A. Field, DDS Difference | 904-73-4373",https://www.jaxdentalhealth.com/about/difference/,xrays@jaxdentalhealth.com,https://www.instagram.com/drdarrylfield/,904-273-4373
N/A,http://www.gantzeldentalcenter.com/,N/A,N/A,N/A
Cheema Dental & Orthodontics: Top-Rated Dentist in Stockton,http://www.cheemadental.com/,N/A,https://www.instagram.com/cheemadental/,(209) 478-6000
N/A,http://www.mcdonalddds.com/,N/A,N/A,N/A
N/A,http://www.vcdentistry.com/,N/A,N/A,N/A
@drmontillo | Linktree,https://linktr.ee/drmontillo,N/A,N/A,N/A
"Dentist in Buena Park, CA | Cal Dental Group",http://www.caldentalbuenapark.com/,caldentalbuenapark@gmail.com,N/A,1 (714) 670-2221
N/A,http://flossedfamilydentistry.com/,N/A,N/A,N/A
"Mint Dental OC | Family and Cosmetic Dentist in Yorba Linda, Brea, & Placentia",http://www.mintdentaloc.com/,N/A,http://instagram.com/mintdentaloc,714-577-0980
N/A,http://www.sunsetoakdental.com/,N/A,N/A,N/A
East Hudson Oral & Maxillofacial Surgery,https://www.easthudsonoms.com/,office@easthudsonoms.com,N/A,518.272.3221
N/A,http://mycheshiredentist.com/,N/A,N/A,N/A
"Dental Implants Provider & Prosthodontists Portland, OR",http://www.advanceddentistrypdx.com/,N/A,https://www.instagram.com/advanceddentistrypdx/,(503) 352-3224
DentalMed Associates: Dentistry in Miramar & Boca Raton,http://www.dentalmedassociates.com/,coordinator@dentalmedassociates.com,https://www.instagram.com/dentalmedassociates/,(954) 505-7631
BC Perio | Cosmetic Dentist & Periodontist - Vancouver | Coquitlam,http://www.bcperio.ca/,info@bcperio.ca,https://www.instagram.com/drbobbybirdi/,(604) 872 0222
"Home-Madison, AL-Precious Smiles Family Dentistry",http://precioussmilesfamilydentistry.com/,contactus@precioussmilesfamilydentistry.com,https://www.instagram.com/precioussmilesfamilydentistry/,(256) 434-5179
N/A,http://www.stoneridgeutahdentist.com/,N/A,N/A,N/A
N/A,https://www.facebook.com/CollinsRoadFamilyDental/posts/123100562918524,N/A,N/A,N/A
Yorba Linda Dental Center - Your Family Dentist,http://www.yorbalindadental.com/,779-9888info@yorbalindadental.com,https://www.instagram.com/yorbalindadentalcenter/,(714) 779-9888
"Dentist in Kahala, Honolulu, HI | Landon M. Oka, DDS",http://www.paultanakadds.com/,office@landonokadds.com,https://www.instagram.com/landonoka.dds/,808-737-6229
N/A,http://hbdentalgroup.com/,N/A,N/A,N/A
Clinique dentaire Manicouagan - Dentiste - Baie-Comeau,http://cliniquedentairemanicouagan.com/,info@cliniquedentairemanicouagan.com,https://www.instagram.com/cliniquedentairemanicouagan/,418 589-3736
